name,link,status
normal_070.tif,https://drive.google.com/file/d/0BzsdkU4jWx9BYjgyQXRyQ3J5bGs/view?usp=drivesdk&resourcekey=0-lEP15KyEQvHIwdbVBFoL7Q,normal
normal_073.tif,https://drive.google.com/file/d/0BzsdkU4jWx9BbXdIQ0xfTWM3cjA/view?usp=drivesdk&resourcekey=0--DeOtH-C3XrmHL3DkK157Q,normal
normal_061.tif,https://drive.google.com/file/d/0BzsdkU4jWx9BenJZNUdRZHJ2QjA/view?usp=drivesdk&resourcekey=0-D31naLeU260reMrfsMtG7A,normal
normal_063.tif,https://drive.google.com/file/d/0BzsdkU4jWx9BM1k4ZWhPZk01VjQ/view?usp=drivesdk&resourcekey=0-YnBBlXeJY7wtDtuxYJ0ykA,normal
normal_072.tif,https://drive.google.com/file/d/0BzsdkU4jWx9BMjdrNEUwUUFxOG8/view?usp=drivesdk&resourcekey=0-jOdpEwA5HP8eceoHtYuDWQ,normal
normal_075.tif,https://drive.google.com/file/d/0BzsdkU4jWx9BN1pqazBwLWhlSjQ/view?usp=drivesdk&resourcekey=0-ua_0-kaHIpO3Z-xB_HffJQ,normal
normal_078.tif,https://drive.google.com/file/d/0BzsdkU4jWx9BQXlsUlVYV05TdjA/view?usp=drivesdk&resourcekey=0-K9JMdk_hCtUqncMizx2pvQ,normal
normal_069.tif,https://drive.google.com/file/d/0BzsdkU4jWx9BRXZGQk5QVkdUX00/view?usp=drivesdk&resourcekey=0-fzZJJhB_hnVHrMYFJ54tIQ,normal
normal_071.tif,https://drive.google.com/file/d/0BzsdkU4jWx9BRnN3MWkxREJDMzA/view?usp=drivesdk&resourcekey=0-ChEo5tdi59fpxDo3J70CfA,normal
normal_066.tif,https://drive.google.com/file/d/0BzsdkU4jWx9BU2t0YkVmQWVydTQ/view?usp=drivesdk&resourcekey=0-78ABmjURb40mYoJG5EQoDQ,normal
normal_079.tif,https://drive.google.com/file/d/0BzsdkU4jWx9BUWVOdnQ1NXdYN1k/view?usp=drivesdk&resourcekey=0-Te6bE9Cd2Vqi6bwi-OsdVw,normal
normal_076.tif,https://drive.google.com/file/d/0BzsdkU4jWx9BV1lFU1kwSUF1R1k/view?usp=drivesdk&resourcekey=0-nJlW2ZYyrcOtV6eNmgdslA,normal
normal_077.tif,https://drive.google.com/file/d/0BzsdkU4jWx9BV2pHdG5uNDZESDQ/view?usp=drivesdk&resourcekey=0-foPVdh2grdtm5B3XcLIjwQ,normal
normal_074.tif,https://drive.google.com/file/d/0BzsdkU4jWx9BWTZPZEtSS19tU28/view?usp=drivesdk&resourcekey=0-jhZRR5OSAqW7GZy4V9RI0w,normal
normal_065.tif,https://drive.google.com/file/d/0BzsdkU4jWx9BY3Q5eWtkY1MzSkU/view?usp=drivesdk&resourcekey=0-pIlhgvbKvHXBW_PDnoak7Q,normal
normal_067.tif,https://drive.google.com/file/d/0BzsdkU4jWx9Ba0RIUTB4N1B3UUU/view?usp=drivesdk&resourcekey=0-9EJ76SltjFePvXl-zjyhQw,normal
normal_062.tif,https://drive.google.com/file/d/0BzsdkU4jWx9BaHNHNnRhVGdEMGM/view?usp=drivesdk&resourcekey=0-Eu6JvqqTNbQoKMt806y2cQ,normal
normal_064.tif,https://drive.google.com/file/d/0BzsdkU4jWx9BalpXc2ltSDNDZDg/view?usp=drivesdk&resourcekey=0-Ivrfzaa1vYh3i4jmJwVCPQ,normal
normal_068.tif,https://drive.google.com/file/d/0BzsdkU4jWx9Bd0xHVHV3MVRvcUU/view?usp=drivesdk&resourcekey=0-WQ-U9fhMlcYJANuZieNiVg,normal
normal_080.tif,https://drive.google.com/file/d/0BzsdkU4jWx9BeUdEWXUtWjRYMzA/view?usp=drivesdk&resourcekey=0--qYwuh_siYf6wNkoMI2Ivg,normal
normal_048.tif,https://drive.google.com/file/d/0BzsdkU4jWx9BLVVlWUd4bjE4OEE/view?usp=drivesdk&resourcekey=0-mXZX0fJhnq1LrpX0-1OXSA,normal
normal_058.tif,https://drive.google.com/file/d/0BzsdkU4jWx9BNkxoN0FablFxZHc/view?usp=drivesdk&resourcekey=0-WXCfVzUtOS2bq1-Jm9aHjA,normal
normal_053.tif,https://drive.google.com/file/d/0BzsdkU4jWx9BQlJYMWs3VVlSaEU/view?usp=drivesdk&resourcekey=0-yBvUcTR7kwoO0UqqHMMVxQ,normal
normal_045.tif,https://drive.google.com/file/d/0BzsdkU4jWx9BSHdXX1l5UjBvWHc/view?usp=drivesdk&resourcekey=0-J3v89vqz2PzvGZa29VataA,normal
normal_043.tif,https://drive.google.com/file/d/0BzsdkU4jWx9BUTRTbk1TczdreEk/view?usp=drivesdk&resourcekey=0-iaz0-QKZwnKPzX-5j53-DA,normal
normal_054.tif,https://drive.google.com/file/d/0BzsdkU4jWx9BUVpqNTNTSjFUZ2s/view?usp=drivesdk&resourcekey=0-Nt0kq-LdeT_Mmu6QaHSqPw,normal
normal_049.tif,https://drive.google.com/file/d/0BzsdkU4jWx9BUWlneHpEakJsWWs/view?usp=drivesdk&resourcekey=0-aSL4OFkipgvRLIFZg9_WYQ,normal
normal_046.tif,https://drive.google.com/file/d/0BzsdkU4jWx9BUmVqRk1IX1VDRE0/view?usp=drivesdk&resourcekey=0-PUXzOFiR8U3XE3ag0YIrpQ,normal
normal_052.tif,https://drive.google.com/file/d/0BzsdkU4jWx9BV1dFamEtWkw4REE/view?usp=drivesdk&resourcekey=0-7dyszCRHVWeZ3m4_ysaXsA,normal
normal_042.tif,https://drive.google.com/file/d/0BzsdkU4jWx9BVVp4bGkzZzlreWc/view?usp=drivesdk&resourcekey=0-VmJ3X0aga2eyEREVSowVMg,normal
normal_060.tif,https://drive.google.com/file/d/0BzsdkU4jWx9BX1pLUEhpN0xyMWs/view?usp=drivesdk&resourcekey=0-H4cH61c2hEdUIlhLXIijrg,normal
normal_055.tif,https://drive.google.com/file/d/0BzsdkU4jWx9BY3MxbFBCRnJGZ2s/view?usp=drivesdk&resourcekey=0-2BoMVNnBv6R2rFU3SLDQkA,normal
normal_059.tif,https://drive.google.com/file/d/0BzsdkU4jWx9BYmM3by1nM2dPSW8/view?usp=drivesdk&resourcekey=0-pAblLluQWQ5hsXA8ktBn0g,normal
normal_051.tif,https://drive.google.com/file/d/0BzsdkU4jWx9BZ3hBVk5yQlFibEE/view?usp=drivesdk&resourcekey=0-cSgr2n0BtHyF5d50oiMCMg,normal
normal_050.tif,https://drive.google.com/file/d/0BzsdkU4jWx9BZXBFR2RvTl9ieVk/view?usp=drivesdk&resourcekey=0-a3ZnAg0GyQhWHYjeSHdLBQ,normal
normal_047.tif,https://drive.google.com/file/d/0BzsdkU4jWx9Ba1BtMUR0NE5yQ0k/view?usp=drivesdk&resourcekey=0-2E5yws_TQjZKpar9nCxguA,normal
normal_041.tif,https://drive.google.com/file/d/0BzsdkU4jWx9Ba2k4dXNFSlZtN2c/view?usp=drivesdk&resourcekey=0-DB7Eg9hkgQvtg4YmsmUbfQ,normal
normal_044.tif,https://drive.google.com/file/d/0BzsdkU4jWx9BaTJNMW8wck9sVk0/view?usp=drivesdk&resourcekey=0-ESlvN9ZbN28bgkj_8nZ7gQ,normal
normal_056.tif,https://drive.google.com/file/d/0BzsdkU4jWx9BbHo0NjRNdHByUkk/view?usp=drivesdk&resourcekey=0-mcs41G7SHJyg__jVd-QnYA,normal
normal_057.tif,https://drive.google.com/file/d/0BzsdkU4jWx9BblJYemNOcnpEcDQ/view?usp=drivesdk&resourcekey=0-S6S9CA8w4KB30guODWNSEw,normal
normal_028.tif,https://drive.google.com/file/d/0BzsdkU4jWx9BLUhBdVotTGFmWU0/view?usp=drivesdk&resourcekey=0-8vklDYCR3mdMgnX4KjGLhQ,normal
normal_040.tif,https://drive.google.com/file/d/0BzsdkU4jWx9BM05yMFJZdk5iRUE/view?usp=drivesdk&resourcekey=0-C9gBh7XHYzndKR6xDJIBRA,normal
normal_027.tif,https://drive.google.com/file/d/0BzsdkU4jWx9BMm5CWWE1SVJGUVk/view?usp=drivesdk&resourcekey=0-cxwbupnX8ObumFAbWAhkzw,normal
normal_032.tif,https://drive.google.com/file/d/0BzsdkU4jWx9BNGd4aUpSV1QtY0E/view?usp=drivesdk&resourcekey=0-bF-eHaqjMN3wUe4s36S9_Q,normal
normal_033.tif,https://drive.google.com/file/d/0BzsdkU4jWx9BQlBuXzhfalFFQ1U/view?usp=drivesdk&resourcekey=0-h93vSHtAUhiyqdnzrnlWLA,normal
normal_036.tif,https://drive.google.com/file/d/0BzsdkU4jWx9BSU1nVHJKZUNlZWM/view?usp=drivesdk&resourcekey=0-bCvAAkRiGzUWPNs2PG4srg,normal
normal_024.tif,https://drive.google.com/file/d/0BzsdkU4jWx9BSjNTQ2JxTjN6ZEk/view?usp=drivesdk&resourcekey=0-luQWD9Ku8DFDxoy1COt_Kg,normal
normal_039.tif,https://drive.google.com/file/d/0BzsdkU4jWx9BTVZVRlZjUkFiOFU/view?usp=drivesdk&resourcekey=0-nxubIP46AZ1eIR0wsvCDxA,normal
normal_021.tif,https://drive.google.com/file/d/0BzsdkU4jWx9BU0ZFX2hmZ3ktU1U/view?usp=drivesdk&resourcekey=0-kCUeIYiZ9L6kevhRaPv0OA,normal
normal_026.tif,https://drive.google.com/file/d/0BzsdkU4jWx9BUlJuOXNoU2ZLblE/view?usp=drivesdk&resourcekey=0-8NJWqLcwF6-xdApyW4na4Q,normal
normal_023.tif,https://drive.google.com/file/d/0BzsdkU4jWx9BV3ZTaFl0d0FyOGM/view?usp=drivesdk&resourcekey=0-IuNNiaAiDwK5lhqHO6WhwA,normal
normal_038.tif,https://drive.google.com/file/d/0BzsdkU4jWx9BVmdmMTBYRmQ3cEE/view?usp=drivesdk&resourcekey=0-YyMEmBMrXfQ_lfqtU2aZag,normal
normal_037.tif,https://drive.google.com/file/d/0BzsdkU4jWx9BVzFrcEI3eTRIYmM/view?usp=drivesdk&resourcekey=0-QF4E_9N_Q2bahnnrUcjfOQ,normal
normal_022.tif,https://drive.google.com/file/d/0BzsdkU4jWx9BWXg0N1ZXNEgzNHc/view?usp=drivesdk&resourcekey=0-iKWicegDnqN6nWZJVMwLLg,normal
normal_025.tif,https://drive.google.com/file/d/0BzsdkU4jWx9BY2N2dkszUWFkRTQ/view?usp=drivesdk&resourcekey=0-DbDnqKHvhtOrbr3PLI0N1Q,normal
normal_031.tif,https://drive.google.com/file/d/0BzsdkU4jWx9BYVkwZ2FRd0xTeUk/view?usp=drivesdk&resourcekey=0-Qwj2RU8F7gnLOxG1yebM3w,normal
normal_029.tif,https://drive.google.com/file/d/0BzsdkU4jWx9BYm8tdXh2WVNpT1U/view?usp=drivesdk&resourcekey=0-cIbXzxkF33OUABbpt2t-nQ,normal
normal_035.tif,https://drive.google.com/file/d/0BzsdkU4jWx9BaFF5NFB4X3FFWUU/view?usp=drivesdk&resourcekey=0-SMkaiPm10H4cAxkq3FXlLg,normal
normal_034.tif,https://drive.google.com/file/d/0BzsdkU4jWx9BeDROOWZudjZybWM/view?usp=drivesdk&resourcekey=0-j4QPa-fFg8xOMg0I2WJ_cQ,normal
normal_030.tif,https://drive.google.com/file/d/0BzsdkU4jWx9BamhHcndhRFF2Sm8/view?usp=drivesdk&resourcekey=0-O0I-dkCirWtcVscKtPdL9g,normal
normal_001.tif,https://drive.google.com/file/d/0BzsdkU4jWx9BLVNUUzk4dUxHWHM/view?usp=drivesdk&resourcekey=0-DGWsjN2D_BgbgPSmaVoGkA,normal
normal_020.tif,https://drive.google.com/file/d/0BzsdkU4jWx9BLVk2TWZmWG5ROE0/view?usp=drivesdk&resourcekey=0-ZkW1Qsanm3gI61rvVSEkaw,normal
normal_005.tif,https://drive.google.com/file/d/0BzsdkU4jWx9BMHdTaGJPWXFrZlU/view?usp=drivesdk&resourcekey=0-ZTvRIokAS7qbqopyQuR9uA,normal
normal_004.tif,https://drive.google.com/file/d/0BzsdkU4jWx9BNkVXQW93MUlJZVE/view?usp=drivesdk&resourcekey=0-GiJD3lb3FgfB4a9qqEoJvw,normal
normal_006.tif,https://drive.google.com/file/d/0BzsdkU4jWx9BR1hvWGotRi1ZbEE/view?usp=drivesdk&resourcekey=0-VF-7f1yqgBEUHqMgGOWWog,normal
normal_002.tif,https://drive.google.com/file/d/0BzsdkU4jWx9BRVZqeVotM2VOaGM/view?usp=drivesdk&resourcekey=0-APmhgzfjhxG-dkoYrxzCsg,normal
normal_014.tif,https://drive.google.com/file/d/0BzsdkU4jWx9BS21wT3pDQi1JNW8/view?usp=drivesdk&resourcekey=0-29Jz9fTP3qCz0o9zThI61A,normal
normal_011.tif,https://drive.google.com/file/d/0BzsdkU4jWx9BSHpRZWFDWUhNQUU/view?usp=drivesdk&resourcekey=0-o1jECGRgU4vFhQ6a3vXl_w,normal
normal_007.tif,https://drive.google.com/file/d/0BzsdkU4jWx9BUF8yaE9XMWUxWDQ/view?usp=drivesdk&resourcekey=0-NNNkGd1L86z0v0L3BVes2A,normal
normal_017.tif,https://drive.google.com/file/d/0BzsdkU4jWx9BVDhCS3RpVS1pOHc/view?usp=drivesdk&resourcekey=0-PVaZeatVHqsQwgClG-zuGw,normal
normal_003.tif,https://drive.google.com/file/d/0BzsdkU4jWx9BWFJXUmgxVWJRTDg/view?usp=drivesdk&resourcekey=0-qPdlIPjlwPHw8UHyflAC4g,normal
normal_008.tif,https://drive.google.com/file/d/0BzsdkU4jWx9BYTVyMHBmYkZDNzQ/view?usp=drivesdk&resourcekey=0-dUHSjOl2qmebauZIE7P_FA,normal
normal_016.tif,https://drive.google.com/file/d/0BzsdkU4jWx9BZHFVTElQc19tNkE/view?usp=drivesdk&resourcekey=0-rysZHQmRVqqM_LVXzDvmvA,normal
normal_009.tif,https://drive.google.com/file/d/0BzsdkU4jWx9BZVpPTFVoc3VRdjA/view?usp=drivesdk&resourcekey=0-HfEr2A67pR6O4tIe_pTPTQ,normal
normal_012.tif,https://drive.google.com/file/d/0BzsdkU4jWx9BanNianZBdEc2V2s/view?usp=drivesdk&resourcekey=0-ce1TRNOB1KnEYiRA7IvRlQ,normal
normal_018.tif,https://drive.google.com/file/d/0BzsdkU4jWx9BbGFKOWVmeFlhbmc/view?usp=drivesdk&resourcekey=0-BU_vqN97qlernqFk2ayg0w,normal
normal_010.tif,https://drive.google.com/file/d/0BzsdkU4jWx9BbGRNS2NlNXpOSWs/view?usp=drivesdk&resourcekey=0-B5FHKb2iERmUQUk-8WDIVQ,normal
normal_019.tif,https://drive.google.com/file/d/0BzsdkU4jWx9BbjFqclBrcFJhNGc/view?usp=drivesdk&resourcekey=0-gtPlke7_ea7Hu2cN-6dQTQ,normal
normal_013.tif,https://drive.google.com/file/d/0BzsdkU4jWx9BdWpmMDVoYk9CcVU/view?usp=drivesdk&resourcekey=0-ReyervrP1MBhV9uHS0lAGQ,normal
normal_015.tif,https://drive.google.com/file/d/0BzsdkU4jWx9BeHQxMUNyVFJYX3M/view?usp=drivesdk&resourcekey=0-ziX62B9U3gAAEzTwgG7pAw,normal
normal_144.tif,https://drive.google.com/file/d/0BzsdkU4jWx9BNGMwRnlRWmU4Z2c/view?usp=drivesdk&resourcekey=0-n9L2-g3gOW7gKP4SgPMLog,normal
normal_145.tif,https://drive.google.com/file/d/0BzsdkU4jWx9BekFLdTNZOXN0MDg/view?usp=drivesdk&resourcekey=0-aHyX10brBQb0l0Kd9kAcvA,normal
normal_149.tif,https://drive.google.com/file/d/0BzsdkU4jWx9BRlFfUV9oX1J6VUE/view?usp=drivesdk&resourcekey=0-vafXpdgkDG-K_8Sv8UNsvg,normal
normal_111.tif,https://drive.google.com/file/d/0BzsdkU4jWx9BWlFqZDdSeGpFRlk/view?usp=drivesdk&resourcekey=0-cGfpV9iUzWwLjDjMhBmJlg,normal
normal_112.tif,https://drive.google.com/file/d/0BzsdkU4jWx9BSmRPMy1zU1l2UE0/view?usp=drivesdk&resourcekey=0-k_UzNU-3iefRAG8RBlyYYA,normal
normal_110.tif,https://drive.google.com/file/d/0BzsdkU4jWx9Bd3EzdGpMZmw5N0E/view?usp=drivesdk&resourcekey=0-l2GDkVq1mQ2R_6oYmsvG2Q,normal
normal_109.tif,https://drive.google.com/file/d/0BzsdkU4jWx9BT2lvakZwOUk4OTA/view?usp=drivesdk&resourcekey=0-pG_jUsySYALfSyjMZ6wchg,normal
normal_108.tif,https://drive.google.com/file/d/0BzsdkU4jWx9Ba2xDdHZ1N1JSeXc/view?usp=drivesdk&resourcekey=0-jMlV-AEJ_xR5XNVuJDebvA,normal
normal_107.tif,https://drive.google.com/file/d/0BzsdkU4jWx9BQnVYSFFiT0dmNnM/view?usp=drivesdk&resourcekey=0-5zEpTT4YL4zo03dre5EvFg,normal
normal_106.tif,https://drive.google.com/file/d/0BzsdkU4jWx9BVTM3dkE3YVhMYWs/view?usp=drivesdk&resourcekey=0-vVSo2TOUNcD5WkX6w-0YDQ,normal
normal_105.tif,https://drive.google.com/file/d/0BzsdkU4jWx9BcDZQTU1aYTZzQ1k/view?usp=drivesdk&resourcekey=0-_fMYv7lVM5oCLWchWGaasw,normal
normal_104.tif,https://drive.google.com/file/d/0BzsdkU4jWx9BUDRtVEFmeHdJaDg/view?usp=drivesdk&resourcekey=0-RwiksyKi0f4h19N3uac4Zw,normal
normal_103.tif,https://drive.google.com/file/d/0BzsdkU4jWx9BQzBHa2NlN2l4TEE/view?usp=drivesdk&resourcekey=0-LpEZ61i5imW_Z8msS55h4A,normal
normal_102.tif,https://drive.google.com/file/d/0BzsdkU4jWx9BSlAwNGxrRW1CX3M/view?usp=drivesdk&resourcekey=0-8gKaqcFCVJrykfzYUdsflQ,normal
normal_101.tif,https://drive.google.com/file/d/0BzsdkU4jWx9BSzdsNERDcHJLLTA/view?usp=drivesdk&resourcekey=0-AGNPBs2PHyUnXR5f6RPdzg,normal
normal_160.tif,https://drive.google.com/file/d/0BzsdkU4jWx9BR0tZcXNyUDhJMXc/view?usp=drivesdk&resourcekey=0-z-ShHQNJGtmfOnSUjs9GFQ,normal
normal_159.tif,https://drive.google.com/file/d/0BzsdkU4jWx9BdUpfcE4wWWRHT0k/view?usp=drivesdk&resourcekey=0-6DGy989brCavBr6qywwzzA,normal
normal_158.tif,https://drive.google.com/file/d/0BzsdkU4jWx9BdVNmX1pHS3V2VmM/view?usp=drivesdk&resourcekey=0-2DE_tB_O1XUzOanRowsWdw,normal
normal_156.tif,https://drive.google.com/file/d/0BzsdkU4jWx9Ba1ZCZVc1b3pIUHc/view?usp=drivesdk&resourcekey=0-jV7o08QJfmGsa8TdiqPNpQ,normal
normal_157.tif,https://drive.google.com/file/d/0BzsdkU4jWx9Bd2VQVjU5dmstM28/view?usp=drivesdk&resourcekey=0-lQYufmBvGNeJ3bgRrUdR_g,normal
normal_155.tif,https://drive.google.com/file/d/0BzsdkU4jWx9BcDZDTjlTZkNDcWc/view?usp=drivesdk&resourcekey=0-8jBY4GWxzSo4PeXsfAszeA,normal
normal_154.tif,https://drive.google.com/file/d/0BzsdkU4jWx9BQVJEZkRVN3ZJQXc/view?usp=drivesdk&resourcekey=0-5pTBY1y_XD_UhMlCuSDLbg,normal
normal_153.tif,https://drive.google.com/file/d/0BzsdkU4jWx9BMEdtdWxodDE2RlE/view?usp=drivesdk&resourcekey=0-zv6DCdXrap-d2_rQZvjRRQ,normal
normal_150.tif,https://drive.google.com/file/d/0BzsdkU4jWx9BMGlnRmJBc3dldHM/view?usp=drivesdk&resourcekey=0-r85zkdRgarqDQGA5UGeDIg,normal
normal_152.tif,https://drive.google.com/file/d/0BzsdkU4jWx9BS2pXNXc3dHZjODA/view?usp=drivesdk&resourcekey=0-dkyGnUNHoJTyJMC7XzxmIA,normal
normal_151.tif,https://drive.google.com/file/d/0BzsdkU4jWx9BbmVoeExlZ2NNc00/view?usp=drivesdk&resourcekey=0-aPbDBsaFO68s15bXt_rRRQ,normal
normal_148.tif,https://drive.google.com/file/d/0BzsdkU4jWx9BXzV5LUJMXzluR2s/view?usp=drivesdk&resourcekey=0-XPGcsrm0F6wMcxKrU4WtyA,normal
normal_147.tif,https://drive.google.com/file/d/0BzsdkU4jWx9Bbmo0Y25CTTFEdlU/view?usp=drivesdk&resourcekey=0-DXt0UP7EbXHrYYL3YvpPww,normal
normal_146.tif,https://drive.google.com/file/d/0BzsdkU4jWx9BZ0tkWm9vWGNmbjQ/view?usp=drivesdk&resourcekey=0-5WysLtwdQ3btWlW43Ji3MA,normal
normal_142.tif,https://drive.google.com/file/d/0BzsdkU4jWx9BQlRfWG9wNzlBbnM/view?usp=drivesdk&resourcekey=0-q8Urs374ao-h_rj9gf_N0A,normal
normal_140.tif,https://drive.google.com/file/d/0BzsdkU4jWx9Bei1jb3R2aXU0bEk/view?usp=drivesdk&resourcekey=0-LoRz1jnPXqYErRXAp10pqw,normal
normal_139.tif,https://drive.google.com/file/d/0BzsdkU4jWx9BZDFBT3Ytb0FfeG8/view?usp=drivesdk&resourcekey=0-fdVqENORcvoA_gy2g7hXcg,normal
normal_141.tif,https://drive.google.com/file/d/0BzsdkU4jWx9BRUtodEJTNVR4cnc/view?usp=drivesdk&resourcekey=0-uJMRly0pvbo6l0UkSH9zbw,normal
normal_143.tif,https://drive.google.com/file/d/0BzsdkU4jWx9BVjFGY1FRNkZBa2s/view?usp=drivesdk&resourcekey=0-McysF-bRIATVo5xKKStxjw,normal
normal_137.tif,https://drive.google.com/file/d/0BzsdkU4jWx9BSWVMU2VSa0w1WU0/view?usp=drivesdk&resourcekey=0-hv8FRyNydJi04BkAQGLBCQ,normal
normal_138.tif,https://drive.google.com/file/d/0BzsdkU4jWx9BMVExQTVSNEdPcGM/view?usp=drivesdk&resourcekey=0-ExNytLsoL2HtQafOWTnnjw,normal
normal_136.tif,https://drive.google.com/file/d/0BzsdkU4jWx9BRUxHODQwbVJEenM/view?usp=drivesdk&resourcekey=0-OYKAqcSjUMxwmiJB57SlyQ,normal
normal_135.tif,https://drive.google.com/file/d/0BzsdkU4jWx9BYVJpaWhlelNsVms/view?usp=drivesdk&resourcekey=0-oKdsIKR-tyLw4bfYaCjzjg,normal
normal_133.tif,https://drive.google.com/file/d/0BzsdkU4jWx9BblR0czlacU1aMTg/view?usp=drivesdk&resourcekey=0-VplkQ-2xcIFcKTGWGd9jzg,normal
normal_132.tif,https://drive.google.com/file/d/0BzsdkU4jWx9BOHFIcFdsZ3NCdVU/view?usp=drivesdk&resourcekey=0-mBHw6gBBsF3ZfTm8lAvOlQ,normal
normal_134.tif,https://drive.google.com/file/d/0BzsdkU4jWx9Bc2xST25FdlZQc0E/view?usp=drivesdk&resourcekey=0-CgY3CTSYBcJfTXnZpzJrXg,normal
normal_131.tif,https://drive.google.com/file/d/0BzsdkU4jWx9BcENoU0NNT2FkRE0/view?usp=drivesdk&resourcekey=0-lwI6fBacmMXmXjZ1y-0uCg,normal
normal_130.tif,https://drive.google.com/file/d/0BzsdkU4jWx9BYzViN3ZwV25CT1E/view?usp=drivesdk&resourcekey=0-KItDlnTNjdGZwXRlcR4SaA,normal
normal_129.tif,https://drive.google.com/file/d/0BzsdkU4jWx9BRUlIc0VUS3RfUkU/view?usp=drivesdk&resourcekey=0-X2fiISb92TuT6uY5xUEV1g,normal
normal_127.tif,https://drive.google.com/file/d/0BzsdkU4jWx9BRFVIOU1hc0tuOXc/view?usp=drivesdk&resourcekey=0-xzArtj88LX_5ad2N1Tty4g,normal
normal_128.tif,https://drive.google.com/file/d/0BzsdkU4jWx9BTHhVUHlFMVdKNjg/view?usp=drivesdk&resourcekey=0-2tLSiCr8dNTtoSCWLt6_2Q,normal
normal_126.tif,https://drive.google.com/file/d/0BzsdkU4jWx9BOS1HUU8tOXpBYjQ/view?usp=drivesdk&resourcekey=0-RFDriFrluLvdw6YdxfhS2Q,normal
normal_125.tif,https://drive.google.com/file/d/0BzsdkU4jWx9BcVBKS0NFMHRRZ0E/view?usp=drivesdk&resourcekey=0-DTBOUtOKxivCxmdE4IRz5A,normal
normal_124.tif,https://drive.google.com/file/d/0BzsdkU4jWx9BRUtLSTNYRzV4V1E/view?usp=drivesdk&resourcekey=0-SOgth-D6XA5o4aDJSJCXEA,normal
normal_123.tif,https://drive.google.com/file/d/0BzsdkU4jWx9BYThGeWRWcjJ4QzA/view?usp=drivesdk&resourcekey=0-xg3GiIPMFooesh8flY9yBg,normal
normal_122.tif,https://drive.google.com/file/d/0BzsdkU4jWx9BVmgxdFVQSVdxVmc/view?usp=drivesdk&resourcekey=0-EuANpM3kOFvTP9-S_Ike-w,normal
normal_121.tif,https://drive.google.com/file/d/0BzsdkU4jWx9Bd2dJd2lfc3JqdEU/view?usp=drivesdk&resourcekey=0-uuWIeA3y5gEKB1RASZ6lNg,normal
normal_120.tif,https://drive.google.com/file/d/0BzsdkU4jWx9BbkNRakotZG1Qd0U/view?usp=drivesdk&resourcekey=0-BSSWXX4sjBHIM-2fMy_Jkw,normal
normal_118.tif,https://drive.google.com/file/d/0BzsdkU4jWx9BakpCY2o1c21EVTA/view?usp=drivesdk&resourcekey=0-px-Soc8fdNB1Lqn-Sal5FA,normal
normal_119.tif,https://drive.google.com/file/d/0BzsdkU4jWx9BZDJ2UEk1dmpmbHc/view?usp=drivesdk&resourcekey=0-M_9THr1v2kl-nB_s_L-tUQ,normal
normal_117.tif,https://drive.google.com/file/d/0BzsdkU4jWx9Bc3FiR29TMG9vNE0/view?usp=drivesdk&resourcekey=0-dXl3s-V1gmrOQ1cQ_0Uo0A,normal
normal_116.tif,https://drive.google.com/file/d/0BzsdkU4jWx9BdjF5eC1tSjFtUG8/view?usp=drivesdk&resourcekey=0-e0tlSbXjqOO8Xb-DzdScAw,normal
normal_115.tif,https://drive.google.com/file/d/0BzsdkU4jWx9BN21Ub1ZBWUVnM00/view?usp=drivesdk&resourcekey=0-UxNp0bcv0-1qAm-nBVPBiQ,normal
normal_114.tif,https://drive.google.com/file/d/0BzsdkU4jWx9BSWFjdmRqRjhRZGM/view?usp=drivesdk&resourcekey=0-K5-7VqurpBjR80ZSD0uy_A,normal
normal_113.tif,https://drive.google.com/file/d/0BzsdkU4jWx9BcFA4RHRaZTVWMWM/view?usp=drivesdk&resourcekey=0-joarS7ZFs0jz6rdg6yv5XA,normal
normal_100.tif,https://drive.google.com/file/d/0BzsdkU4jWx9BQW11dGNtYnE3LVU/view?usp=drivesdk&resourcekey=0-SAsd_J08VjnnIPvNsEfrDw,normal
normal_099.tif,https://drive.google.com/file/d/0BzsdkU4jWx9BUDVIc1ltRmdMM00/view?usp=drivesdk&resourcekey=0-OgbXC4fMzvuzacFwgdbc5A,normal
normal_098.tif,https://drive.google.com/file/d/0BzsdkU4jWx9BaHVZd3NUdWNFN1E/view?usp=drivesdk&resourcekey=0-wTGMu2UkV0Mqg9AO3LfiIA,normal
normal_097.tif,https://drive.google.com/file/d/0BzsdkU4jWx9BZ1lsRy1PTXVBbGc/view?usp=drivesdk&resourcekey=0-eFB2bv3c3MrMDQmCr0Cqzw,normal
normal_096.tif,https://drive.google.com/file/d/0BzsdkU4jWx9BRmtleEMxa2V3V0k/view?usp=drivesdk&resourcekey=0-1rfdEkki3JO7ZnBl-1wJcg,normal
normal_095.tif,https://drive.google.com/file/d/0BzsdkU4jWx9BbkdEYTF6d1RiWFU/view?usp=drivesdk&resourcekey=0-2RkwHWwe_QkJoi0YbkTDdA,normal
normal_094.tif,https://drive.google.com/file/d/0BzsdkU4jWx9BUEsyWEdMcnRRM00/view?usp=drivesdk&resourcekey=0-JwbknOaj01dB8oJ1ndssMg,normal
normal_093.tif,https://drive.google.com/file/d/0BzsdkU4jWx9BQUYwVzcxUjRCMzg/view?usp=drivesdk&resourcekey=0-HVN94jHlAPfeZmIa4y3ekQ,normal
normal_092.tif,https://drive.google.com/file/d/0BzsdkU4jWx9BOUMtdTQwSk1RbHc/view?usp=drivesdk&resourcekey=0-6baarHdk1LcD-lfMacX-ng,normal
normal_091.tif,https://drive.google.com/file/d/0BzsdkU4jWx9BazhjV2pMak9vYkk/view?usp=drivesdk&resourcekey=0-JCGlL-nbL_VyelAj4tJLbQ,normal
normal_090.tif,https://drive.google.com/file/d/0BzsdkU4jWx9BYWZRRGZDZk1uNmc/view?usp=drivesdk&resourcekey=0-KdJrpL5jYqFy05hLFM4mjQ,normal
normal_089.tif,https://drive.google.com/file/d/0BzsdkU4jWx9BRklEYWtuQjdZWWc/view?usp=drivesdk&resourcekey=0-89FhrYzUL9uNzcFFbQjPBA,normal
normal_088.tif,https://drive.google.com/file/d/0BzsdkU4jWx9BVHJndkpFM09vUlE/view?usp=drivesdk&resourcekey=0-RarMNLKGAMgv1bsphdgLwg,normal
normal_087.tif,https://drive.google.com/file/d/0BzsdkU4jWx9BUGJ6dk9mMFdzMEk/view?usp=drivesdk&resourcekey=0--ZcqcdRuF02LkyMMLq6Dwg,normal
normal_085.tif,https://drive.google.com/file/d/0BzsdkU4jWx9BSHdrV3Q5ZERUelU/view?usp=drivesdk&resourcekey=0-u0FsZPhd1xUSG1t1-nASFg,normal
normal_084.tif,https://drive.google.com/file/d/0BzsdkU4jWx9BWnI5VjhlN3IzbTA/view?usp=drivesdk&resourcekey=0-tQGA49zJKghinFi20GnBiQ,normal
normal_083.tif,https://drive.google.com/file/d/0BzsdkU4jWx9BeUdPdTJyRXpaMGM/view?usp=drivesdk&resourcekey=0-AXAAMJgOxHuwrlsSFzhMUQ,normal
normal_082.tif,https://drive.google.com/file/d/0BzsdkU4jWx9BY1dSY3FNNmxEeUU/view?usp=drivesdk&resourcekey=0-ueMoOepbQhzyLbQ0ZiBEeQ,normal
normal_081.tif,https://drive.google.com/file/d/0BzsdkU4jWx9BYXZFYnd1WkhvcHc/view?usp=drivesdk&resourcekey=0-7bMqtxG1B_sK-OR0qnJ_1Q,normal
tumor_079.tif,https://drive.google.com/file/d/0BzsdkU4jWx9BNnRSN1lvS25VYTg/view?usp=drivesdk&resourcekey=0-BwCdIo4aXciiDNmd_eCfpw,tumor
tumor_065.tif,https://drive.google.com/file/d/0BzsdkU4jWx9BOGc0dU9SNHRyTVk/view?usp=drivesdk&resourcekey=0-IWxZoppMHD0wARK24Sx7Xw,tumor
tumor_061.tif,https://drive.google.com/file/d/0BzsdkU4jWx9BOVlDRVA3d3lRb3c/view?usp=drivesdk&resourcekey=0-xf9eIOb9Nm9Gs-CvaDju-Q,tumor
tumor_069.tif,https://drive.google.com/file/d/0BzsdkU4jWx9BOXBJWnlKM09ndG8/view?usp=drivesdk&resourcekey=0-uq9ttVmsyYHaMjBsH1m5BQ,tumor
tumor_075.tif,https://drive.google.com/file/d/0BzsdkU4jWx9BQklGUkNWb2t2NDQ/view?usp=drivesdk&resourcekey=0-YCVzGn1jzYR0Tvc_slbUWw,tumor
tumor_076.tif,https://drive.google.com/file/d/0BzsdkU4jWx9BR3hxamh0ejhDS00/view?usp=drivesdk&resourcekey=0-oL0Pl1P7coFzTB3TLYks3Q,tumor
tumor_062.tif,https://drive.google.com/file/d/0BzsdkU4jWx9BSnhxQUhHS3dXLXM/view?usp=drivesdk&resourcekey=0-8I-qSNLQsq4GzFPopMNPQQ,tumor
tumor_071.tif,https://drive.google.com/file/d/0BzsdkU4jWx9BU2ZaUHRoV2FLWG8/view?usp=drivesdk&resourcekey=0-Py0UCgYcRxbWyYx-NzX5Aw,tumor
tumor_063.tif,https://drive.google.com/file/d/0BzsdkU4jWx9BVTlUdGdZVXF4WUE/view?usp=drivesdk&resourcekey=0-jV0MjkT7px-huVwIL9MojQ,tumor
tumor_070.tif,https://drive.google.com/file/d/0BzsdkU4jWx9BVVJMYzRCeV9icms/view?usp=drivesdk&resourcekey=0-me1_iRFj-XChTg3kzp5YVA,tumor
tumor_077.tif,https://drive.google.com/file/d/0BzsdkU4jWx9BVkRtZVVmdjQzbWs/view?usp=drivesdk&resourcekey=0-URHRChEvZArl6kQvPcLPrw,tumor
tumor_064.tif,https://drive.google.com/file/d/0BzsdkU4jWx9BX2VzZEpBYzRyNWs/view?usp=drivesdk&resourcekey=0--Ih0bE8aKFlUMkJCbbPtnQ,tumor
tumor_074.tif,https://drive.google.com/file/d/0BzsdkU4jWx9BZ1BTOFBTS3dGanM/view?usp=drivesdk&resourcekey=0-mHYdX_0478UaYdQHQds47Q,tumor
tumor_067.tif,https://drive.google.com/file/d/0BzsdkU4jWx9BZFk3bk1ZLWlUaW8/view?usp=drivesdk&resourcekey=0-kxIE7ntSb5derkkRV0qlTQ,tumor
tumor_078.tif,https://drive.google.com/file/d/0BzsdkU4jWx9Bam9SRVc1d1p1ak0/view?usp=drivesdk&resourcekey=0-lQ-YE3VnnXJ_Qbu1sPKWWA,tumor
tumor_068.tif,https://drive.google.com/file/d/0BzsdkU4jWx9Bd2VTYnpHNVJrNDA/view?usp=drivesdk&resourcekey=0-27cnQEbt1Et6s_OiWS9www,tumor
tumor_066.tif,https://drive.google.com/file/d/0BzsdkU4jWx9BdFYxdWZHVTVoR0k/view?usp=drivesdk&resourcekey=0-J4CQRMCzXWvX2hBgUGgbsw,tumor
tumor_072.tif,https://drive.google.com/file/d/0BzsdkU4jWx9BdTlMN3BZSjRjaGc/view?usp=drivesdk&resourcekey=0-darpuWh_gbij02ZTLxhVLA,tumor
tumor_080.tif,https://drive.google.com/file/d/0BzsdkU4jWx9BelRqbWJYNGR1VVE/view?usp=drivesdk&resourcekey=0-tRCBjH3nvz_S0Whsa8XZMA,tumor
tumor_073.tif,https://drive.google.com/file/d/0BzsdkU4jWx9BendUdGw2bzhxNDg/view?usp=drivesdk&resourcekey=0-MMTogYIql_ap1Xr_3Sq_lw,tumor
tumor_045.tif,https://drive.google.com/file/d/0BzsdkU4jWx9BNC01dks3OWcyTFE/view?usp=drivesdk&resourcekey=0-Eyb8bTAixHku2EuOjY1c7A,tumor
tumor_051.tif,https://drive.google.com/file/d/0BzsdkU4jWx9BNVVqUlh2ME1GVHM/view?usp=drivesdk&resourcekey=0-SfL8Uukkg3xcTfLhn0Zu2w,tumor
tumor_055.tif,https://drive.google.com/file/d/0BzsdkU4jWx9BRDBNTTZ3QUtBR1E/view?usp=drivesdk&resourcekey=0-oFQzAqRkCsTSHmyZHVtqEQ,tumor
tumor_041.tif,https://drive.google.com/file/d/0BzsdkU4jWx9BSktZVnl5b3RHVmM/view?usp=drivesdk&resourcekey=0-At4b8oHmk60R0KgpSTyqHw,tumor
tumor_057.tif,https://drive.google.com/file/d/0BzsdkU4jWx9BUGs1ZU15TF9ibjA/view?usp=drivesdk&resourcekey=0-M3A8_z75bvhjNetOlJsahg,tumor
tumor_059.tif,https://drive.google.com/file/d/0BzsdkU4jWx9BV2QxeGx0ekVkTVk/view?usp=drivesdk&resourcekey=0-j1-vT0j6L5E6_O0Y4h1etA,tumor
tumor_050.tif,https://drive.google.com/file/d/0BzsdkU4jWx9BYTJZQlhsdHREejA/view?usp=drivesdk&resourcekey=0-q2EJjMa9ESq5VfiwlIGHrQ,tumor
tumor_042.tif,https://drive.google.com/file/d/0BzsdkU4jWx9Ba0p6dE9idklyczQ/view?usp=drivesdk&resourcekey=0-kcDhlG18u17YWojN4bGZCw,tumor
tumor_052.tif,https://drive.google.com/file/d/0BzsdkU4jWx9BbElNODJVclNGeFE/view?usp=drivesdk&resourcekey=0-yMzkksKrpwwCnFU9YUDtVQ,tumor
tumor_054.tif,https://drive.google.com/file/d/0BzsdkU4jWx9BeE5talAxMm5NRTQ/view?usp=drivesdk&resourcekey=0-BD1p6_8OopjQ8xlJADqEBw,tumor
tumor_060.tif,https://drive.google.com/file/d/0BzsdkU4jWx9BeF9vcGNpajFTZ3c/view?usp=drivesdk&resourcekey=0-sIQgqiFp-ZZjicveQm5I4g,tumor
tumor_053.tif,https://drive.google.com/file/d/0BzsdkU4jWx9BeXFXX29fQTZVS3M/view?usp=drivesdk&resourcekey=0-OZiLf_Ab97qYWY1Q7G4-jA,tumor
tumor_044.tif,https://drive.google.com/file/d/0BzsdkU4jWx9BT0lRaWpCU3Y5UXc/view?usp=drivesdk&resourcekey=0-tfE0hj4hjF6OzVEskJpSsw,tumor
tumor_048.tif,https://drive.google.com/file/d/0BzsdkU4jWx9BVWpKM04zX3JvVTg/view?usp=drivesdk&resourcekey=0-0PWZ9wjXXP85HUWfioNv9w,tumor
tumor_058.tif,https://drive.google.com/file/d/0BzsdkU4jWx9BZ3Q2MTM4VFNualU/view?usp=drivesdk&resourcekey=0-WTN65v2eV5qtmBLzBI1EdA,tumor
tumor_049.tif,https://drive.google.com/file/d/0BzsdkU4jWx9BbjVtNWMxQWpmeFE/view?usp=drivesdk&resourcekey=0-6pnIA9dLdyBE44M_iVBlLA,tumor
tumor_043.tif,https://drive.google.com/file/d/0BzsdkU4jWx9Bc1MzdklpaE5PUFU/view?usp=drivesdk&resourcekey=0-foURx2F9aPZM9lXQCkg5WQ,tumor
tumor_056.tif,https://drive.google.com/file/d/0BzsdkU4jWx9BcmF5R2Jia0ZRR1E/view?usp=drivesdk&resourcekey=0-hYhwFD3Ls6W1Yx4IBWMVEA,tumor
tumor_046.tif,https://drive.google.com/file/d/0BzsdkU4jWx9BdVFIcnRXUERuRGM/view?usp=drivesdk&resourcekey=0-5UVW_VK_62mGcFaCK0e-5w,tumor
tumor_047.tif,https://drive.google.com/file/d/0BzsdkU4jWx9BeGhYM2ZSWmlRQ0E/view?usp=drivesdk&resourcekey=0-6QzQRyG6ClwafC-6kn6v_w,tumor
tumor_038.tif,https://drive.google.com/file/d/0BzsdkU4jWx9BN3pqYkQzdlZrekk/view?usp=drivesdk&resourcekey=0-qiEUcUKtgJwgi97DCKnXqw,tumor
tumor_040.tif,https://drive.google.com/file/d/0BzsdkU4jWx9BNldaRWFxT2FqZjQ/view?usp=drivesdk&resourcekey=0-DKgpY-FbexJ97_NgJvBHCA,tumor
tumor_026.tif,https://drive.google.com/file/d/0BzsdkU4jWx9BOGFjM1Y3UzYxZTA/view?usp=drivesdk&resourcekey=0-LwJjPAU6C_JDdf5flJGLuw,tumor
tumor_035.tif,https://drive.google.com/file/d/0BzsdkU4jWx9BQVptT2NNa1hPU2M/view?usp=drivesdk&resourcekey=0-7AGFAt7d67NkdxvGOamPkg,tumor
tumor_028.tif,https://drive.google.com/file/d/0BzsdkU4jWx9BRlFfUDZDTTA5YzQ/view?usp=drivesdk&resourcekey=0-wXr1MHZkJRYmbMNx3U-3Fg,tumor
tumor_039.tif,https://drive.google.com/file/d/0BzsdkU4jWx9BU0o3UFNQc2lTeFk/view?usp=drivesdk&resourcekey=0-Xrw2INW10LpYV7Aw6S5UmA,tumor
tumor_031.tif,https://drive.google.com/file/d/0BzsdkU4jWx9BUUFwLTBzbkY2LUU/view?usp=drivesdk&resourcekey=0-4RIYDbS8a17dob6-OWe1qg,tumor
tumor_037.tif,https://drive.google.com/file/d/0BzsdkU4jWx9BVGNaYkRaR2x6MWc/view?usp=drivesdk&resourcekey=0-Zij7QVPDKwiB7KHMNS1kgA,tumor
tumor_022.tif,https://drive.google.com/file/d/0BzsdkU4jWx9BVjB5N1ZWakFqdDA/view?usp=drivesdk&resourcekey=0-BewaBaXi7MEmOoKwJPmXEw,tumor
tumor_025.tif,https://drive.google.com/file/d/0BzsdkU4jWx9BYXhsRS1MRFJreHc/view?usp=drivesdk&resourcekey=0-5Q6EkFYMW4TVw48Cve88aw,tumor
tumor_036.tif,https://drive.google.com/file/d/0BzsdkU4jWx9BZHVhcEZab2N3Q1U/view?usp=drivesdk&resourcekey=0-8O90pjDxSSePIRqCrOU0bA,tumor
tumor_032.tif,https://drive.google.com/file/d/0BzsdkU4jWx9BZlJ0Nm1JUE41Qzg/view?usp=drivesdk&resourcekey=0-jotU0pRCwtf8Qyo9_Ze7VA,tumor
tumor_027.tif,https://drive.google.com/file/d/0BzsdkU4jWx9BbEZVdGx5cUVJbDg/view?usp=drivesdk&resourcekey=0-bc_S-RjzgiFz_S1NcdCHqA,tumor
tumor_024.tif,https://drive.google.com/file/d/0BzsdkU4jWx9BbVRKYVEycTMzX3c/view?usp=drivesdk&resourcekey=0-660FwGDovbs2qBo8qlXhXA,tumor
tumor_030.tif,https://drive.google.com/file/d/0BzsdkU4jWx9Bc1MtMnhfcFduY2c/view?usp=drivesdk&resourcekey=0-MgwgRUGSuedEoy0P4gJEVg,tumor
tumor_021.tif,https://drive.google.com/file/d/0BzsdkU4jWx9BcDJIU3ExZFdjdW8/view?usp=drivesdk&resourcekey=0-uZRcbeFCiqaRc6LLAusZ8A,tumor
tumor_023.tif,https://drive.google.com/file/d/0BzsdkU4jWx9BcHpvbFgtWjR6Y1E/view?usp=drivesdk&resourcekey=0-XqBLB-SavLmTh7xY6aJa4g,tumor
tumor_034.tif,https://drive.google.com/file/d/0BzsdkU4jWx9BdHFIOThiQnlyRXc/view?usp=drivesdk&resourcekey=0-r2wLmQeBQC30Do7VXkeSyg,tumor
tumor_029.tif,https://drive.google.com/file/d/0BzsdkU4jWx9BdmRhbnBTcFZtTjA/view?usp=drivesdk&resourcekey=0-oqOzdbHdE8NxUcyuSUmIPw,tumor
tumor_033.tif,https://drive.google.com/file/d/0BzsdkU4jWx9BcmI5YXJwLUlyODg/view?usp=drivesdk&resourcekey=0-KcUQ1R3AwOYztsTUBB09kQ,tumor
tumor_010.tif,https://drive.google.com/file/d/0BzsdkU4jWx9BMkR2UUFSOXpLT0E/view?usp=drivesdk&resourcekey=0-m_HRFjS2FR6nbYFff5ny2A,tumor
tumor_015.tif,https://drive.google.com/file/d/0BzsdkU4jWx9BNnN2OXhybHJQY1k/view?usp=drivesdk&resourcekey=0-YmnLBOlckHowdVjQ3Unodw,tumor
tumor_002.tif,https://drive.google.com/file/d/0BzsdkU4jWx9BQ0loQnhZbE9pY2s/view?usp=drivesdk&resourcekey=0--ONPLKJeN-5-cn1FfQooKA,tumor
tumor_005.tif,https://drive.google.com/file/d/0BzsdkU4jWx9BQXByOU54NlRLVGs/view?usp=drivesdk&resourcekey=0-rZu7qcsFoSb2axbZX0fpXg,tumor
tumor_008.tif,https://drive.google.com/file/d/0BzsdkU4jWx9BQkc4dHNzOVdaTGM/view?usp=drivesdk&resourcekey=0-qYkjghsy1w2y5v9pSmj8MA,tumor
tumor_001.tif,https://drive.google.com/file/d/0BzsdkU4jWx9BQnFwak9PbGtBVUk/view?usp=drivesdk&resourcekey=0-bpRxgK_yNEvh1_zSOLX7qg,tumor
tumor_009.tif,https://drive.google.com/file/d/0BzsdkU4jWx9BR2lhdjlVQThWZ1k/view?usp=drivesdk&resourcekey=0-Rg4T7AXqu5jD_W9sFvBKYA,tumor
tumor_020.tif,https://drive.google.com/file/d/0BzsdkU4jWx9BRDNUQjNFbEVoVFk/view?usp=drivesdk&resourcekey=0-wP1TCVDPqGbbWN9Frt3_8g,tumor
tumor_013.tif,https://drive.google.com/file/d/0BzsdkU4jWx9BU1p1bHFEWV9nUEU/view?usp=drivesdk&resourcekey=0-NIKLUK6pzChMpGtypUrwQQ,tumor
tumor_017.tif,https://drive.google.com/file/d/0BzsdkU4jWx9BUXQ0MTkxV0F3N2s/view?usp=drivesdk&resourcekey=0-znFNSblcynyRwDvBRk7nYw,tumor
tumor_011.tif,https://drive.google.com/file/d/0BzsdkU4jWx9BV1BDbkpNd0wtNmM/view?usp=drivesdk&resourcekey=0-FTTWfYt0-Kzjdxnx7scpOg,tumor
tumor_019.tif,https://drive.google.com/file/d/0BzsdkU4jWx9BWk4tTERTaDZ6LTg/view?usp=drivesdk&resourcekey=0-GVGOBVzwRnIsunAOsc33uQ,tumor
tumor_018.tif,https://drive.google.com/file/d/0BzsdkU4jWx9BWmxqZXVXQTAwbGs/view?usp=drivesdk&resourcekey=0-n1NvLYcVldratYuLVOOBuQ,tumor
tumor_016.tif,https://drive.google.com/file/d/0BzsdkU4jWx9BYk9zUElXU0Etd2M/view?usp=drivesdk&resourcekey=0-Su7S5Fq8QDyPW9FhoQGAKQ,tumor
tumor_007.tif,https://drive.google.com/file/d/0BzsdkU4jWx9Ba1BBZWVEQUtmUVk/view?usp=drivesdk&resourcekey=0-RTYHdMUnDk3Zhkdftg5x1Q,tumor
tumor_012.tif,https://drive.google.com/file/d/0BzsdkU4jWx9BcVJFUkNGY1ZPVlk/view?usp=drivesdk&resourcekey=0-oh1gUn49WKIEh5SFD375Cg,tumor
tumor_006.tif,https://drive.google.com/file/d/0BzsdkU4jWx9BdGhiVkJhX2NrNWs/view?usp=drivesdk&resourcekey=0-5BiRi8dT7Wz96mbd-H2PYQ,tumor
tumor_014.tif,https://drive.google.com/file/d/0BzsdkU4jWx9BdHVFa0ZjY1otTWM/view?usp=drivesdk&resourcekey=0-KYHctNPCJBr1x8vR01Dm0g,tumor
tumor_003.tif,https://drive.google.com/file/d/0BzsdkU4jWx9BdHpsTFcyeXpSc28/view?usp=drivesdk&resourcekey=0-FMcIdKpQBn2ftGKnOa6FiQ,tumor
tumor_004.tif,https://drive.google.com/file/d/0BzsdkU4jWx9BeVlIaEpPUmJzVTg/view?usp=drivesdk&resourcekey=0-IGFJAoflIOnM8VQcDGTRww,tumor
tumor_111.tif,https://drive.google.com/file/d/0BzsdkU4jWx9BNnc2MzNDb2FqS1U/view?usp=drivesdk&resourcekey=0-zxYUJ0UH39atK6WVhKA2PA,tumor
tumor_089.tif,https://drive.google.com/file/d/0BzsdkU4jWx9BVUl3eEJ3TzF0SXM/view?usp=drivesdk&resourcekey=0-QYrwnJP3hLJbxxbXSHNDcg,tumor
tumor_106.tif,https://drive.google.com/file/d/0BzsdkU4jWx9BZmdsVllxWnkyRk0/view?usp=drivesdk&resourcekey=0-rv28eTaamSZ1yhMw42Ji1w,tumor
tumor_104.tif,https://drive.google.com/file/d/0BzsdkU4jWx9BekhPamZxWFlsRTg/view?usp=drivesdk&resourcekey=0-1pr2BRRap8f_78cPUI7VAQ,tumor
tumor_096.tif,https://drive.google.com/file/d/0BzsdkU4jWx9BWllmdGJsNTBRbzA/view?usp=drivesdk&resourcekey=0-Ncw8s4lYT_TgkOdO30LWtg,tumor
tumor_094.tif,https://drive.google.com/file/d/0BzsdkU4jWx9BYXpzcW03d0IzaHM/view?usp=drivesdk&resourcekey=0-FVtaWXtOTLpy9k75ZeCCDg,tumor
tumor_083.tif,https://drive.google.com/file/d/0BzsdkU4jWx9BZ0tVeTdIa3pQWVE/view?usp=drivesdk&resourcekey=0-Nc79iKZZaazt5eHdXQpcxw,tumor
tumor_081.tif,https://drive.google.com/file/d/0BzsdkU4jWx9BZ3FZa0JET2t3bm8/view?usp=drivesdk&resourcekey=0-BaZTWrXEvqF-5dJcxc1ekg,tumor
tumor_090.tif,https://drive.google.com/file/d/0BzsdkU4jWx9BZERUYTl4SS15Q1U/view?usp=drivesdk&resourcekey=0-6-Vlv2NcU2FzUqcobTh4ng,tumor
tumor_098.tif,https://drive.google.com/file/d/0BzsdkU4jWx9BZEZwRXR2cFBQLVU/view?usp=drivesdk&resourcekey=0-NNdpuePVvk56nd5j05xoJQ,tumor
tumor_095.tif,https://drive.google.com/file/d/0BzsdkU4jWx9BZEl0TE5WQTBpNkE/view?usp=drivesdk&resourcekey=0-zjqZ053kDOpwXE_z2EKnnA,tumor
tumor_110.tif,https://drive.google.com/file/d/0BzsdkU4jWx9BazBQOHljQUd6RDA/view?usp=drivesdk&resourcekey=0-3MX1c0RiWE8nYA4Q5JvIZg,tumor
tumor_109.tif,https://drive.google.com/file/d/0BzsdkU4jWx9Bb1V5Zm5vdDJMUXc/view?usp=drivesdk&resourcekey=0-wY9MIiZRcZbdAQ9kivN_BQ,tumor
tumor_084.tif,https://drive.google.com/file/d/0BzsdkU4jWx9BbWN3MF9ySmI1ajg/view?usp=drivesdk&resourcekey=0-UEjgzFuJMVxW2lb7SbyaYA,tumor
tumor_092.tif,https://drive.google.com/file/d/0BzsdkU4jWx9Bc3ZIc3g1eUxvbTg/view?usp=drivesdk&resourcekey=0-bVsrvjnGXdEmq7murcOT2A,tumor
tumor_100.tif,https://drive.google.com/file/d/0BzsdkU4jWx9BcGcyQjc1dk5qQkk/view?usp=drivesdk&resourcekey=0-_HuB99tmZaVFrGTd_7voKA,tumor
tumor_101.tif,https://drive.google.com/file/d/0BzsdkU4jWx9Bd1FoSlJQa05hUmc/view?usp=drivesdk&resourcekey=0-aBJCev3UDH6hqSCIBMHKSA,tumor
tumor_085.tif,https://drive.google.com/file/d/0BzsdkU4jWx9BeDlGZk9pTmItSFE/view?usp=drivesdk&resourcekey=0-V19q-sDAn7ybunCmd2oYHA,tumor
tumor_103.tif,https://drive.google.com/file/d/0BzsdkU4jWx9BeG5FQkhqQkdtRVU/view?usp=drivesdk&resourcekey=0-o8rFYMTR2LnFwNHSr1CW1Q,tumor
tumor_099.tif,https://drive.google.com/file/d/0BzsdkU4jWx9BeUZmQXd5b3VESGM/view?usp=drivesdk&resourcekey=0-wCfecCSNbE-hlY8swFjMCA,tumor
tumor_088.tif,https://drive.google.com/file/d/0BzsdkU4jWx9BM25lLUFnUWdsa0k/view?usp=drivesdk&resourcekey=0-QNHzeTtedcVcmFPRCHR_5g,tumor
tumor_102.tif,https://drive.google.com/file/d/0BzsdkU4jWx9BMThrNGNmeWM5RWM/view?usp=drivesdk&resourcekey=0-f9N2PVV7gPpavD-CIbAShQ,tumor
tumor_093.tif,https://drive.google.com/file/d/0BzsdkU4jWx9BQUMzMGRnVm5qbWc/view?usp=drivesdk&resourcekey=0-z5vpeQVyVuE_-HD0v4jdWg,tumor
tumor_108.tif,https://drive.google.com/file/d/0BzsdkU4jWx9BTXB4RWdlS2xyZGs/view?usp=drivesdk&resourcekey=0-X3WgNIPwdnRgEvaXHmIwKQ,tumor
tumor_105.tif,https://drive.google.com/file/d/0BzsdkU4jWx9BTkQyUnFVTklSSjQ/view?usp=drivesdk&resourcekey=0-V6_ynzXloiavB1Zh_y-lMA,tumor
tumor_107.tif,https://drive.google.com/file/d/0BzsdkU4jWx9BTlljRU9xa1VWeDg/view?usp=drivesdk&resourcekey=0-3E0-iDBAUSxZv00gLx4QTw,tumor
tumor_086.tif,https://drive.google.com/file/d/0BzsdkU4jWx9BUzAxNGhRX19kSFk/view?usp=drivesdk&resourcekey=0-pZg_0Bt_OdfuQROl3jWGdg,tumor
tumor_082.tif,https://drive.google.com/file/d/0BzsdkU4jWx9BV2dFWkpNS0s5dms/view?usp=drivesdk&resourcekey=0-Kry050ls1e2UAmV-pxmx2A,tumor
tumor_097.tif,https://drive.google.com/file/d/0BzsdkU4jWx9BVVg5TXpDdkVRemc/view?usp=drivesdk&resourcekey=0-znHInagF094qwWft-iX5LQ,tumor
tumor_091.tif,https://drive.google.com/file/d/0BzsdkU4jWx9BVWx1eERwYnlVWVE/view?usp=drivesdk&resourcekey=0-Zd3y-ucNOjPq3nqsx-P3sQ,tumor
tumor_087.tif,https://drive.google.com/file/d/0BzsdkU4jWx9BVjNxZjlLLVhfcmc/view?usp=drivesdk&resourcekey=0-Yu7wYSVModrp1_cF7cdScQ,tumor